"","UniqueID","Experiment","Year","Site.x","Treatment1_Density","Treatment2_Diversity","Color_Bucket","Species.x","RFTM_score.x","peacrabs.x","Date_pre","Site.y","Treatment","Color","Species.y","Length_pre","Width_pre","Height_pre","Weight_pre","Length_post","Width_post","Height_post","Weight_post","RFTM_date","RFTM_score.y","peacrabs.y","LiveMM","Treatment2","Colornumber","Weight_diff","Height_diff","Width_diff","Length_diff","Weight_delta","Height_delta","Width_delta","Length_delta","Volume_pre","Volume_post","Volume_delta","Volume_scale"
"1","2017_NW_HIGH_MONO_B1_CV","Field17",2017,"NW","HIGH","MONO","B","CV",1,0,"5/29/2017","NW","HL","B","CV","18.2","21.1","5.8","0.8",51.72,39.99,23.44,22.78,"9/27-10/4",1,NA,0,"HIGH_MONO","B1",21.98,17.64,18.89,33.52,27.475,3.04137931034483,0.895260663507109,1.84175824175824,2227.316,48480.548832,20.7663541374462,0.11492089661168
"2","2017_NW_HIGH_MONO_B11_CV","Field17",2017,"NW","HIGH","MONO","B","CV",2,0,"5/29/2017","NW","HL","B","CV","24.2","18.1","5.8","1.45",65.99,32.67,19.69,21.48,"9/27-10/4",2,NA,0,"HIGH_MONO","B11",20.03,13.89,14.57,41.79,13.8137931034483,2.3948275862069,0.804972375690608,1.72685950413223,2540.516,42449.539077,15.7090225281006,-0.601072988273408
"3","2017_NW_HIGH_MONO_B12_CV","Field17",2017,"NW","HIGH","MONO","B","CV",0,0,"5/29/2017","NW","HL","B","CV","24.4","16.8","7.15","1.26",68.82,41.43,22.92,23.75,"9/27-10/4",0,NA,0,"HIGH_MONO","B12",22.49,15.77,24.63,44.42,17.8492063492063,2.20559440559441,1.46607142857143,1.82049180327869,2930.928,65349.792792,21.2966216815971,0.189993750893862
"4","2017_NW_HIGH_MONO_B14_CV","Field17",2017,"NW","HIGH","MONO","B","CV",1,0,"5/29/2017","NW","HL","B","CV","21.1","20","5.8","1",56.17,41.03,22.82,27.56,"9/27-10/4",1,NA,0,"HIGH_MONO","B14",26.56,17.02,21.03,35.07,26.56,2.93448275862069,1.0515,1.66208530805687,2447.6,52592.229382,20.4872648235006,0.0754087076635477
"5","2017_NW_HIGH_MONO_B18_CV","Field17",2017,"NW","HIGH","MONO","B","CV",4,0,"5/29/2017","NW","HL","B","CV","25","20.08","6","1.63",71.11,41.94,25.15,33.37,"9/27-10/4",4,NA,0,"HIGH_MONO","B18",31.74,19.15,21.86,46.11,19.4723926380368,3.19166666666667,1.08864541832669,1.8444,3012,75006.18801,23.9024528585657,0.558915413911695
"6","2017_NW_HIGH_MONO_P1_CV","Field17",2017,"NW","HIGH","MONO","P","CV",1,0,"5/29/2017","NW","HL","P","CV","19.25","20","6.3","1.08",78.18,44.58,20.32,34.33,"9/25-10/2",1,NA,0,"HIGH_MONO","P1",33.25,14.02,24.58,58.93,30.787037037037,2.22539682539683,1.229,3.0612987012987,2425.5,70820.572608,28.1983395621521,1.16710741070366
"7","2017_NW_HIGH_MONO_P12_CV","Field17",2017,"NW","HIGH","MONO","P","CV",2,0,"5/29/2017","NW","HL","P","CV","21.8","20.6","6.5","1.32",42.36,37.83,17.76,20.54,"9/25-10/2",2,NA,0,"HIGH_MONO","P12",19.22,11.26,17.23,20.56,14.5606060606061,1.73230769230769,0.836407766990291,0.943119266055046,2919.02,28460.023488,8.74985559811169,-1.58632002181949
"8","2017_NW_HIGH_MONO_P14_CV","Field17",2017,"NW","HIGH","MONO","P","CV",2,1,"5/29/2017","NW","HL","P","CV","22.55","21","7.7","1.49",53.82,48.02,20.56,29.11,"9/25-10/2",2,1,0,"HIGH_MONO","P14",27.62,12.86,27.02,31.27,18.5369127516779,1.67012987012987,1.28666666666667,1.38669623059867,3646.335,53136.012384,13.5724439427535,-0.903560015000711
"9","2017_NW_HIGH_MONO_P16_CV","Field17",2017,"NW","HIGH","MONO","P","CV",2,0,"5/29/2017","NW","HL","P","CV","27.5","18.95","6.8","1.66",77.38,39.74,23.32,29.2,"9/25-10/2",2,NA,0,"HIGH_MONO","P16",27.54,16.52,20.79,49.88,16.5903614457831,2.42941176470588,1.09709762532982,1.81381818181818,3543.65,71710.893584,19.2364493062238,-0.101676033988473
"10","2017_NW_HIGH_MONO_P8_CV","Field17",2017,"NW","HIGH","MONO","P","CV",0,0,"5/29/2017","NW","HL","P","CV","22.7","20.06","5.65","1.34",60.51,41.39,18.14,25.66,"9/25-10/2",0,NA,0,"HIGH_MONO","P8",24.32,12.49,21.33,37.81,18.1492537313433,2.21061946902655,1.06331006979063,1.66563876651982,2572.7953,45431.791446,16.6585332871216,-0.46664559659608
"11","2017_NW_HIGH_MONO_P9_CV","Field17",2017,"NW","HIGH","MONO","P","CV",3,1,"5/29/2017","NW","HL","P","CV","20.5","18.7","7","0.95",40.38,33.17,12.41,7.88,"9/25-10/2",3,1,0,"HIGH_MONO","P9",6.93,5.41,14.47,19.88,7.29473684210526,0.772857142857143,0.77379679144385,0.969756097560976,2683.45,16622.011086,5.19426897687678,-2.08970371793287
"12","2017_NW_HIGH_MONO_R18_CV","Field17",2017,"NW","HIGH","MONO","R","CV",1,1,"5/29/2017","NW","HL","R","CV","21.1","17.7","5.6","0.9",61.79,49.86,17.84,28.94,"9/27-10/4",1,1,0,"HIGH_MONO","R18",28.04,12.24,32.16,40.69,31.1555555555556,2.18571428571429,1.81694915254237,1.92843601895735,2091.432,54962.353296,25.279770652835,0.753909769515725
"13","2017_NW_HIGH_MONO_R4_CV","Field17",2017,"NW","HIGH","MONO","R","CV",0.5,0,"5/29/2017","NW","HL","R","CV","20.6","18.3","6.5","0.98",64.06,43.93,22.08,32.59,"9/27-10/4",0.5,NA,0,"HIGH_MONO","R4",31.61,15.58,25.63,43.46,32.2551020408163,2.39692307692308,1.40054644808743,2.10970873786408,2450.37,62136.560064,24.3580316703192,0.623414178971107
"14","2017_NW_HIGH_MONO_R6_CV","Field17",2017,"NW","HIGH","MONO","R","CV",0,0,"5/29/2017","NW","HL","R","CV","25.25","18.2","5.6","1.37",59.46,42.25,18.68,30.69,"9/27-10/4",0,NA,0,"HIGH_MONO","R6",29.32,13.08,24.05,34.21,21.4014598540146,2.33571428571429,1.32142857142857,1.35485148514851,2573.48,46927.6158,17.235080824409,-0.385020632498313
"15","2017_NW_HIGH_MONO_Y9_CV","Field17",2017,"NW","HIGH","MONO","Y","CV",3,0,"5/29/2017","NW","HL","Y","CV","23.05","19.9","6.2","1.01",59.97,45.31,23.36,34.72,"9/27-10/4",3,NA,0,"HIGH_MONO","Y9",33.71,17.16,25.41,36.92,33.3762376237624,2.76774193548387,1.27688442211055,1.60173535791757,2843.909,63474.742752,21.3195407279206,0.193238524676285
"16","2017_NW_HIGH_POLY_B1_CV","Field17",2017,"NW","HIGH","POLY","B","CV",0,0,"5/30/2017","NW","HH","B","CV","14.8","16.65","6.8","0.7",46.25,44.73,18.99,17.61,"9/25-10/2",0,NA,3,"HIGH_POLY","B1",16.91,12.19,28.08,31.45,24.1571428571429,1.79264705882353,1.68648648648649,2.125,1675.656,39285.799875,22.4450268282989,0.35257970054557
"17","2017_NW_HIGH_POLY_B11_CV","Field17",2017,"NW","HIGH","POLY","B","CV",0,0,"5/30/2017","NW","HH","B","CV","25.6","15.8","5.6","1.31",68.38,39.93,28.77,35.01,"9/25-10/2",0,NA,3,"HIGH_POLY","B11",33.7,23.17,24.13,42.78,25.7251908396947,4.1375,1.52721518987342,1.67109375,2265.088,78553.993518,33.6803274389339,1.94322218821532
"18","2017_NW_HIGH_POLY_B14_CV","Field17",2017,"NW","HIGH","POLY","B","CV",0,0,"5/30/2017","NW","HH","B","CV","18.35","17.2","7","0.81",52.44,38.9,21.25,18.32,"9/25-10/2",0,NA,3,"HIGH_POLY","B14",17.51,14.25,21.7,34.09,21.6172839506173,2.03571428571429,1.26162790697674,1.85776566757493,2209.34,43348.215,18.6204364199263,-0.188888321745988
"19","2017_NW_HIGH_POLY_P7_CV","Field17",2017,"NW","HIGH","POLY","P","CV",1,0,"5/30/2017","NW","HH","P","CV","23.5","17.2","5.8","1.3",60.15,46.68,20.26,32.41,"9/25-10/2",1,NA,4,"HIGH_POLY","P7",31.11,14.46,29.48,36.65,23.9307692307692,2.49310344827586,1.71395348837209,1.55957446808511,2344.36,56886.06852,23.2650738453139,0.468678207595411
"20","2017_NW_HIGH_POLY_R1_CV","Field17",2017,"NW","HIGH","POLY","R","CV",1,0,"5/30/2017","NW","HH","R","CV","24.85","17.5","6.6","1.24",53.74,37.42,17.68,15.61,"9/25-10/2",1,NA,2,"HIGH_POLY","R1",14.37,11.08,19.92,28.89,11.5887096774194,1.67878787878788,1.13828571428571,1.1625754527163,2870.175,35553.610144,11.3872621509141,-1.21292806146775
"21","2017_NW_LOW_MONO_B17_CV","Field17",2017,"NW","LOW","MONO","B","CV",0,0,"5/29/2017","NW","LL","B","CV","21.1","18.7","5.3","1.01",62.48,46.67,23.31,35.39,"9/29-10/5",0,NA,0,"LOW_MONO","B17",34.38,18.01,27.97,41.38,34.039603960396,3.39811320754717,1.49572192513369,1.96113744075829,2091.221,67970.598696,31.5028290630211,1.63494192464318
"22","2017_NW_LOW_MONO_B3_CV","Field17",2017,"NW","LOW","MONO","B","CV",0,0,"5/29/2017","NW","LL","B","CV","22.4","17.2","6.85","1.17",49.29,54.14,19.28,24.1,"9/29-10/5",0,NA,0,"LOW_MONO","B3",22.93,12.43,36.94,26.89,19.5982905982906,1.81459854014599,2.14767441860465,1.20044642857143,2639.168,51449.848368,18.494722718675,-0.206686292750276
"23","2017_NW_LOW_MONO_P11_CV","Field17",2017,"NW","LOW","MONO","P","CV",0.5,0,"5/29/2017","NW","LL","P","CV","24","16.35","7.4","1.37",72.09,41.39,18.68,26.99,"9/27-10/4",0.5,NA,0,"LOW_MONO","P11",25.62,11.28,25.04,48.09,18.7007299270073,1.52432432432432,1.53149847094801,2.00375,2903.76,55737.479268,18.1949332134887,-0.249129120123799
"24","2017_NW_LOW_MONO_P17_CV","Field17",2017,"NW","LOW","MONO","P","CV",2,0,"5/29/2017","NW","LL","P","CV","18.9","18.75","5.8","0.96",69.85,46.25,21.18,33.31,"9/27-10/4",2,NA,0,"LOW_MONO","P17",32.35,15.38,27.5,50.95,33.6979166666667,2.65172413793103,1.46666666666667,2.6957671957672,2055.375,68423.31375,32.2899416164933,1.74637772093563
"25","2017_NW_LOW_MONO_P5_CV","Field17",2017,"NW","LOW","MONO","P","CV",4,0,"5/29/2017","NW","LL","P","CV","20.2","17.5","6.1","0.91",45.43,36.73,16.7,16.24,"9/27-10/4",4,NA,0,"LOW_MONO","P5",15.33,10.6,19.23,25.23,16.8461538461538,1.73770491803279,1.09885714285714,1.2490099009901,2156.35,27866.35313,11.9229267651355,-1.13709111468279
"26","2017_NW_LOW_MONO_P7_CV","Field17",2017,"NW","LOW","MONO","P","CV",0.5,0,"5/29/2017","NW","LL","P","CV","25.2","16","6.5","1.19",57.2,38.38,18.8,25.65,"9/27-10/4",0.5,NA,0,"LOW_MONO","P7",24.46,12.3,22.38,32,20.5546218487395,1.89230769230769,1.39875,1.26984126984127,2620.8,41272.3168,14.7479841269841,-0.737132410809118
"27","2017_NW_LOW_MONO_R1_CV","Field17",2017,"NW","LOW","MONO","R","CV",1,0,"5/29/2017","NW","LL","R","CV","20","18.7","6.5","1.09",49.02,38.98,18.46,2.28,"9/25-10/2",1,NA,0,"LOW_MONO","R1",1.19,11.96,20.28,29.02,1.09174311926605,1.84,1.08449197860963,1.451,2431,35273.360616,13.509815144385,-0.912426713907044
"28","2017_NW_LOW_MONO_R11_CV","Field17",2017,"NW","LOW","MONO","R","CV",3,0,"5/29/2017","NW","LL","R","CV","20.5","17.75","6.9","1.04",49.57,38.26,20.18,19.59,"9/25-10/2",3,NA,0,"LOW_MONO","R11",18.55,13.28,20.51,29.07,17.8365384615385,1.92463768115942,1.15549295774648,1.4180487804878,2510.7375,38272.342676,14.2434663822881,-0.808559726223995
"29","2017_NW_LOW_MONO_R14_CV","Field17",2017,"NW","LOW","MONO","R","CV",2,0,"5/29/2017","NW","LL","R","CV","23.5","18.5","6.45","1.05",57.22,33.05,15.37,16.68,"9/25-10/2",2,NA,0,"LOW_MONO","R14",15.63,8.92,14.55,33.72,14.8857142857143,1.38294573643411,0.786486486486486,1.43489361702128,2804.1375,29066.52977,9.36558648425763,-1.499147658354
"30","2017_NW_LOW_MONO_R16_CV","Field17",2017,"NW","LOW","MONO","R","CV",4,0,"5/29/2017","NW","LL","R","CV","22.6","18.35","10.2","1.88",55.95,37.96,22.5,23.82,"9/25-10/2",4,NA,0,"LOW_MONO","R16",21.94,12.3,19.61,33.35,11.6702127659574,1.20588235294118,1.06866485013624,1.47566371681416,4230.042,47786.895,10.2970261288186,-1.36727869243277
"31","2017_NW_LOW_MONO_R4_CV","Field17",2017,"NW","LOW","MONO","R","CV",1,0,"5/29/2017","NW","LL","R","CV","20.4","17.75","5.5","0.96",53.75,32.87,15.14,14.29,"9/25-10/2",1,NA,0,"LOW_MONO","R4",13.33,9.64,15.12,33.35,13.8854166666667,1.75272727272727,0.851830985915493,1.63480392156863,1991.55,26748.78425,12.4311386859481,-1.06514079470474
"32","2017_NW_LOW_MONO_Y10_CV","Field17",2017,"NW","LOW","MONO","Y","CV",0,0,"5/29/2017","NW","LL","Y","CV","20.9","18.25","6.75","1.11",67.74,44.5,24.56,41.63,"9/25-10/2",0,NA,0,"LOW_MONO","Y10",40.52,17.81,26.25,46.84,36.5045045045045,2.63851851851852,1.43835616438356,2.24114832535885,2574.61875,74034.4008,27.7554810979296,1.10440953428461
"33","2017_NW_LOW_MONO_Y18_CV","Field17",2017,"NW","LOW","MONO","Y","CV",3,0,"5/29/2017","NW","LL","Y","CV","22.55","16.3","7","0.93",78.22,45.82,17.26,26.79,"9/25-10/2",3,NA,0,"LOW_MONO","Y18",25.86,10.26,29.52,55.67,27.8064516129032,1.46571428571429,1.81104294478528,2.46873614190687,2572.955,61860.537304,23.0426036615487,0.437181896210413
"34","2017_NW_LOW_MONO_Y6_CV","Field17",2017,"NW","LOW","MONO","Y","CV",2,0,"5/29/2017","NW","LL","Y","CV","22","18.1","6.3","1.27",69.2,42.12,20.99,25.34,"9/25-10/2",2,NA,0,"LOW_MONO","Y6",24.07,14.69,24.02,47.2,18.9527559055118,2.33174603174603,1.32707182320442,2.14545454545455,2508.66,61179.63696,23.3873769103824,0.485993316323882
"35","2017_NW_LOW_POLY_B17_CV","Field17",2017,"NW","LOW","POLY","B","CV",3,0,"5/30/2017","NW","LH","B","CV","18.25","20.04","6.15","1",58.04,38.04,20.13,20.07,"9/25-10/2",3,NA,1,"LOW_POLY","B17",19.07,13.98,18,39.79,19.07,2.27317073170732,0.898203592814371,2.18027397260274,2249.2395,44443.851408,18.7595015595271,-0.169200115148884
"36","2017_NW_LOW_POLY_B6_CV","Field17",2017,"NW","LOW","POLY","B","CV",2,0,"5/30/2017","NW","LH","B","CV","20","17.8","6.4","1.05",60.26,33.26,24.19,25.48,"9/26-10/2",2,NA,1,"LOW_POLY","B6",24.43,17.79,15.46,40.26,23.2666666666667,2.7796875,0.868539325842696,2.013,2278.4,48482.749444,20.2792966309691,0.0459655218878723
"37","2017_NW_LOW_POLY_P18_CV","Field17",2017,"NW","LOW","POLY","P","CV",3,0,"5/30/2017","NW","LH","P","CV","21","18.7","5.2","1.05",63.74,46.96,25.7,38.25,"9/29-10/5",3,NA,1,"LOW_POLY","P18",37.2,20.5,28.26,42.74,35.4285714285714,3.94230769230769,1.51122994652406,2.0352380952381,2042.04,76926.02128,36.6711627979863,2.36665098292248
"38","2017_NW_LOW_POLY_P5_CV","Field17",2017,"NW","LOW","POLY","P","CV",4,0,"5/30/2017","NW","LH","P","CV","18","16.1","5.2","0.81",54.71,41.07,18.48,24.02,"9/29-10/5",4,NA,1,"LOW_POLY","P5",23.21,13.28,24.97,36.71,28.6543209876543,2.55384615384615,1.55093167701863,2.03944444444444,1506.96,41523.445656,26.5544444816053,0.9343722618182
"39","2017_OY_HIGH_MONO_R1_CV","Field17",2017,"OY","HIGH","MONO","R","CV",5,0,"5/30/2017","OY","HL","R","CV","20.1","18.6","5.4","0.93",49.75,31.21,48.24,14.29,"9/20-9/29",5,NA,0,"HIGH_MONO","R1",13.36,42.84,12.61,29.65,14.3655913978495,7.93333333333333,0.677956989247312,1.47512437810945,2018.844,74902.1274,36.1014934289128,2.2859997984304
"40","2017_OY_HIGH_MONO_R11_CV","Field17",2017,"OY","HIGH","MONO","R","CV",1,0,"5/30/2017","OY","HL","R","CV","18.75","16.75","5.5","0.89",51.1,40.65,18.41,19.97,"9/20-9/29",1,NA,0,"HIGH_MONO","R11",19.08,12.91,23.9,32.35,21.438202247191,2.34727272727273,1.42686567164179,1.72533333333333,1727.34375,38241.52815,21.1389217693351,0.167667318389841
"41","2017_OY_HIGH_MONO_R12_CV","Field17",2017,"OY","HIGH","MONO","R","CV",2,1,"5/30/2017","OY","HL","R","CV","23","15.1","7.45","0.89",43.97,39.04,13.5,11.42,"9/20-9/29",2,1,0,"HIGH_MONO","R12",10.53,6.05,23.94,20.97,11.8314606741573,0.812080536912752,1.58543046357616,0.911739130434783,2587.385,23173.9488,7.95651354552956,-1.69863776211188
"42","2017_OY_HIGH_MONO_Y11_CV","Field17",2017,"OY","HIGH","MONO","Y","CV",3,0,"5/30/2017","OY","HL","Y","CV","25.45","17.4","7.2","1.54",71.02,43.77,16.33,23.89,"9/20-9/27",3,NA,0,"HIGH_MONO","Y11",22.35,9.13,26.37,45.57,14.512987012987,1.26805555555556,1.51551724137931,1.79056974459725,3188.376,50762.546382,14.9211292463624,-0.712619316503918
"43","2017_OY_HIGH_MONO_Y13_CV","Field17",2017,"OY","HIGH","MONO","Y","CV",1,0,"5/30/2017","OY","HL","Y","CV","21.4","17.6","5.5","0.97",45.15,35.04,18.84,16.37,"9/20-9/27",1,NA,0,"HIGH_MONO","Y13",15.4,13.34,17.44,23.75,15.8762886597938,2.42545454545455,0.990909090909091,1.10981308411215,2071.52,29805.93504,13.3884370124353,-0.929610874833759
"44","2017_OY_HIGH_MONO_Y15_CV","Field17",2017,"OY","HIGH","MONO","Y","CV",0,0,"5/30/2017","OY","HL","Y","CV","24.2","17.3","7.2","1.41",63.12,44.79,17.83,24.37,"9/20-9/27",0,NA,0,"HIGH_MONO","Y15",22.96,10.63,27.49,38.92,16.2836879432624,1.47638888888889,1.58901734104046,1.60826446280992,3014.352,50407.991784,15.7226627095973,-0.599141873746073
"45","2017_OY_HIGH_MONO_Y17_CV","Field17",2017,"OY","HIGH","MONO","Y","CV",0.5,0,"5/30/2017","OY","HL","Y","CV","22.7","14.8","6.4","0.85",52.54,37.96,17.25,19.97,"9/20-9/27",0.5,NA,0,"HIGH_MONO","Y17",19.12,10.85,23.16,29.84,22.4941176470588,1.6953125,1.56486486486486,1.31453744493392,2150.144,34403.7174,15.0006573513216,-0.701360091041608
"46","2017_OY_HIGH_MONO_Y3_CV","Field17",2017,"OY","HIGH","MONO","Y","CV",0,0,"5/30/2017","OY","HL","Y","CV","23.4","19.25","6","1.27",45.98,41.95,17.76,18.58,"9/20-9/27",0,NA,0,"HIGH_MONO","Y3",17.31,11.76,22.7,22.58,13.6299212598425,1.96,1.17922077922078,0.964957264957265,2702.7,34256.57136,11.6749440781441,-1.17219936962006
"47","2017_OY_HIGH_MONO_Y4_CV","Field17",2017,"OY","HIGH","MONO","Y","CV",1,0,"5/30/2017","OY","HL","Y","CV","24.5","17.5","7.1","1.41",45.97,37.25,16.16,15.75,"9/20-9/27",1,NA,0,"HIGH_MONO","Y4",14.34,9.06,19.75,21.47,10.1702127659574,1.27605633802817,1.12857142857143,0.876326530612245,3044.125,27672.1012,8.09033012770501,-1.67969262227632
"48","2017_OY_HIGH_MONO_Y7_CV","Field17",2017,"OY","HIGH","MONO","Y","CV",1,1,"5/30/2017","OY","HL","Y","CV","22.2","18.5","6.75","1.07",53.3,36.91,16.14,16.16,"9/20-9/27",1,1,0,"HIGH_MONO","Y7",15.09,9.39,18.41,31.1,14.1028037383178,1.39111111111111,0.995135135135135,1.4009009009009,2772.225,31752.27042,10.4537133241349,-1.34509563576333
"49","2017_OY_HIGH_POLY_B1_CV","Field17",2017,"OY","HIGH","POLY","B","CV",0.5,0,"5/30/2017","OY","HH","B","CV","22.1","17.8","5.7","0.95",57.1,44.51,21.16,23.5,"9/20-9/27",0.5,NA,0,"HIGH_POLY","B1",22.55,15.46,26.71,35,23.7368421052632,2.71228070175439,1.50056179775281,1.58371040723982,2242.266,53778.58436,22.9840341690058,0.428889895261919
"50","2017_OY_HIGH_POLY_B9_CV","Field17",2017,"OY","HIGH","POLY","B","CV",3,0,"5/30/2017","OY","HH","B","CV","25.45","17.4","7.05","1.67",57.54,44.5,20.51,27.85,"9/20-9/27",3,NA,0,"HIGH_POLY","B9",26.18,13.46,27.1,32.09,15.6766467065868,1.90921985815603,1.55747126436782,1.26090373280943,3121.9515,52516.4703,15.8216803816459,-0.585123404490202
"51","2017_OY_HIGH_POLY_P13_CV","Field17",2017,"OY","HIGH","POLY","P","CV",1,0,"5/28/2017","OY","HH","P","CV","20","15.25","6.2","1.04",41.1,35.06,13.89,13.36,"9/20-9/29",1,NA,1,"HIGH_POLY","P13",12.32,7.69,19.81,21.1,11.8461538461538,1.24032258064516,1.29901639344262,1.055,1891,20015.01774,9.58435628767848,-1.46817522989838
"52","2017_OY_HIGH_POLY_P3_CV","Field17",2017,"OY","HIGH","POLY","P","CV",0,0,"5/28/2017","OY","HH","P","CV","19.5","18","5.6","0.92",49.46,48.34,17.61,18,"9/20-9/29",0,NA,1,"HIGH_POLY","P3",17.08,12.01,30.34,29.96,18.5652173913043,2.14464285714286,1.68555555555556,1.53641025641026,1965.6,42103.685604,20.4202714713065,0.0659240951832648
"53","2017_OY_HIGH_POLY_P7_CV","Field17",2017,"OY","HIGH","POLY","P","CV",1,0,"5/28/2017","OY","HH","P","CV","20.2","18.3","5.1","0.92",45.32,46.37,15.65,17.19,"9/20-9/29",1,NA,1,"HIGH_POLY","P7",16.27,10.55,28.07,25.12,17.6847826086957,2.06862745098039,1.53387978142076,1.24356435643564,1885.266,32888.29346,16.4449088139286,-0.496889572724783
"54","2017_OY_HIGH_POLY_R1_CV","Field17",2017,"OY","HIGH","POLY","R","CV",0,0,"5/30/2017","OY","HH","R","CV","20.5","19.2","5.5","0.98",59.78,40.64,18.74,20.83,"9/20-9/29",0,NA,1,"HIGH_POLY","R1",19.85,13.24,21.44,39.28,20.2551020408163,2.40727272727273,1.11666666666667,1.91609756097561,2164.8,45528.065408,20.0310723429416,0.0108230621806191
"55","2017_OY_HIGH_POLY_R13_CV","Field17",2017,"OY","HIGH","POLY","R","CV",0,1,"5/30/2017","OY","HH","R","CV","21","18.1","5.5","1.08",45.77,35.93,14.21,14.49,"9/20-9/29",0,1,1,"HIGH_POLY","R13",13.41,8.71,17.83,24.77,12.4166666666667,1.58363636363636,0.985082872928177,1.17952380952381,2090.55,23368.573781,10.1781941503432,-1.38410238059273
"56","2017_OY_HIGH_POLY_Y16_CV","Field17",2017,"OY","HIGH","POLY","Y","CV",2,0,"5/30/2017","OY","HH","Y","CV","20.7","15.8","6.7","0.92",59.29,40.62,19.21,25.39,"9/20-9/29",2,NA,0,"HIGH_POLY","Y16",24.47,12.51,24.82,38.59,26.5978260869565,1.86716417910448,1.57088607594937,1.86425120772947,2191.302,46264.591758,20.1128323517251,0.0223982703811177
"57","2017_OY_HIGH_POLY_Y7_CV","Field17",2017,"OY","HIGH","POLY","Y","CV",1,0,"5/30/2017","OY","HH","Y","CV","22.7","14.9","5.95","0.99",46.54,34.96,20.42,18.66,"9/20-9/29",1,NA,0,"HIGH_POLY","Y7",17.67,14.47,20.06,23.84,17.8484848484849,2.43193277310924,1.34630872483221,1.05022026431718,2012.4685,33224.124128,15.5091399582155,-0.629371448565864
"58","2017_OY_LOW_MONO_B1_CV","Field17",2017,"OY","LOW","MONO","B","CV",2,0,"5/30/2017","OY","LL","B","CV","22.45","16.7","6","1.11",54.71,45.93,19.51,27.12,"9/20-9/27",2,NA,0,"LOW_MONO","B1",26.01,13.51,29.23,32.26,23.4324324324324,2.25166666666667,1.7502994011976,1.4369710467706,2249.49,49025.319153,20.793970701359,0.11883072345526
"59","2017_OY_LOW_MONO_B11_CV","Field17",2017,"OY","LOW","MONO","B","CV",0,0,"5/30/2017","OY","LL","B","CV","20","17.2","6.1","0.89",53.19,39.6,14.71,18.93,"9/20-9/27",0,NA,0,"LOW_MONO","B11",18.04,8.61,22.4,33.19,20.2696629213483,1.41147540983607,1.30232558139535,1.6595,2098.4,30984.02604,13.7655480556615,-0.876221217652957
"60","2017_OY_LOW_MONO_B16_CV","Field17",2017,"OY","LOW","MONO","B","CV",3,0,"5/30/2017","OY","LL","B","CV","17.4","16.85","6","0.89",48.29,34.26,16.89,19.23,"9/20-9/27",3,NA,0,"LOW_MONO","B16",18.34,10.89,17.41,30.89,20.6067415730337,1.815,1.03323442136498,1.77528735632184,1759.14,27943.076106,14.8845095364781,-0.71780376758776
"61","2017_OY_LOW_MONO_P9_CV","Field17",2017,"OY","LOW","MONO","P","CV",1,0,"5/30/2017","OY","LL","P","CV","21.65","14.5","6.45","1.05",40.31,43.14,13.37,12.22,"9/20-9/29",1,NA,0,"LOW_MONO","P9",11.17,6.92,28.64,18.66,10.6380952380952,1.07286821705426,1.9751724137931,0.86189376443418,2024.81625,23250.074358,10.482560137494,-1.34101163582839
"62","2017_OY_LOW_MONO_R10_CV","Field17",2017,"OY","LOW","MONO","R","CV",1,0,"5/30/2017","OY","LL","R","CV","23.2","17.7","7.5","1.18",59.19,42.83,20.04,27.02,"9/20-9/27",1,NA,0,"LOW_MONO","R10",25.84,12.54,25.13,35.99,21.8983050847458,1.672,1.41977401129944,1.55129310344828,3079.8,50803.558308,15.4957329398013,-0.631269552930104
"63","2017_OY_LOW_MONO_R12_CV","Field17",2017,"OY","LOW","MONO","R","CV",0,0,"5/30/2017","OY","LL","R","CV","18.6","14","5.5","0.7",54.56,38.68,16.33,15.52,"9/20-9/27",0,NA,0,"LOW_MONO","R12",14.82,10.83,24.68,35.96,21.1714285714286,1.96909090909091,1.76285714285714,1.93333333333333,1432.2,34462.518464,23.0626438095238,0.440019088728271
"64","2017_OY_LOW_MONO_R18_CV","Field17",2017,"OY","LOW","MONO","R","CV",3,0,"5/30/2017","OY","LL","R","CV","23","17.7","6.2","1.02",60.19,37.3,21.32,28.46,"9/20-9/27",3,NA,0,"LOW_MONO","R18",27.44,15.12,19.6,37.19,26.9019607843137,2.43870967741936,1.10734463276836,1.61695652173913,2524.02,47865.25484,17.9638968153977,-0.281838196964508
"65","2017_OY_LOW_MONO_R4_CV","Field17",2017,"OY","LOW","MONO","R","CV",0,0,"5/30/2017","OY","LL","R","CV","22.3","17","7.2","1.2",49.66,47.33,14.06,21.95,"9/20-9/27",0,NA,0,"LOW_MONO","R4",20.75,6.86,30.33,27.36,17.2916666666667,0.952777777777778,1.78411764705882,1.22690582959641,2729.52,33046.733668,11.1071593789384,-1.2525837311698
"66","2017_OY_LOW_MONO_Y6_CV","Field17",2017,"OY","LOW","MONO","Y","CV",2,0,"5/30/2017","OY","LL","Y","CV","19.5","17.45","5.9","0.85",55.83,47.69,21.07,27.05,"9/20-9/29",2,NA,0,"LOW_MONO","Y6",26.2,15.17,30.24,36.33,30.8235294117647,2.57118644067797,1.73295128939828,1.86307692307692,2007.6225,56099.563989,26.9432831565695,0.989422263476528
"67","2017_OY_LOW_POLY_B15_CV","Field17",2017,"OY","LOW","POLY","B","CV",0,0,"5/30/2017","OY","LH","B","CV","19.3","17","4.9","0.77",57.98,38.57,20.59,24.22,"9/20-9/27",0,NA,0,"LOW_POLY","B15",23.45,15.69,21.57,38.68,30.4545454545455,3.20204081632653,1.26882352941176,2.00414507772021,1607.69,46045.182274,27.6405851090695,1.08814308553728
"68","2017_OY_LOW_POLY_B2_CV","Field17",2017,"OY","LOW","POLY","B","CV",0,0,"5/30/2017","OY","LH","B","CV","21.5","19.85","6.2","1.25",58.75,43.86,22.6,31.19,"",0,NA,0,"LOW_POLY","B2",29.94,16.4,24.01,37.25,23.952,2.64516129032258,1.2095717884131,1.73255813953488,2646.005,58235.115,21.0086942390509,0.149230300110306
"69","2017_OY_LOW_POLY_P3_CV","Field17",2017,"OY","LOW","POLY","P","CV",0,0,"6/1/2017","OY","LH","P","CV","21.3","21.3","5.6","0.9",53.78,36.41,17.16,16.42,"9/20-9/29",0,NA,2,"LOW_POLY","P3",15.52,11.56,15.11,32.48,17.2444444444444,2.06428571428571,0.709389671361502,1.52488262910798,2540.664,33601.507368,12.225482538423,-1.0942566517201
"70","2017_OY_LOW_POLY_Y17_CV","Field17",2017,"OY","LOW","POLY","Y","CV",1,0,"5/30/2017","OY","LH","Y","CV","20.4","19","5.4","1.12",50.69,38.86,16.88,18.37,"9/20-9/27",1,NA,0,"LOW_POLY","Y17",17.25,11.48,19.86,30.29,15.4017857142857,2.12592592592593,1.04526315789474,1.48480392156863,2093.04,33250.450192,14.8861991132515,-0.717564565033678
"71","2017_OY_LOW_POLY_Y4_CV","Field17",2017,"OY","LOW","POLY","Y","CV",0,1,"5/30/2017","OY","LH","Y","CV","21.1","14.4","5.5","0.89",49.26,43.03,18.32,20.74,"9/20-9/27",0,1,0,"LOW_POLY","Y4",19.85,12.82,28.63,28.16,22.3033707865169,2.33090909090909,1.98819444444444,1.3345971563981,1671.12,38832.130896,22.2371887692087,0.323154938467485
"72","2017_SW_HIGH_MONO_B1_CV","Field17",2017,"SW","HIGH","MONO","B","CV",0,0,"5/30/2017","SW","HL","B","CV","20.4","17.6","5","0.92",58.24,40.04,26.45,28.22,"9/25-9/30",0,NA,0,"HIGH_MONO","B1",27.3,21.45,22.44,37.84,29.6739130434783,4.29,1.275,1.85490196078431,1795.2,61679.53792,33.358031372549,1.89759298481729
"73","2017_SW_HIGH_MONO_B11_CV","Field17",2017,"SW","HIGH","MONO","B","CV",1,0,"5/30/2017","SW","HL","B","CV","20.8","16.4","5","1.04",51.2,42.45,19.8,21.1,"9/25-9/30",1,NA,0,"HIGH_MONO","B11",20.06,14.8,26.05,30.4,19.2884615384615,2.96,1.58841463414634,1.46153846153846,1705.6,43034.112,24.2310694183865,0.605439443870274
"74","2017_SW_HIGH_MONO_B13_CV","Field17",2017,"SW","HIGH","MONO","B","CV",0,0,"5/30/2017","SW","HL","B","CV","18.4","17.6","5.5","0.92",53.5,42.58,19.15,26.99,"9/25-9/30",0,NA,0,"HIGH_MONO","B13",26.07,13.65,24.98,35.1,28.3369565217391,2.48181818181818,1.41931818181818,1.90760869565217,1781.12,43624.2745,23.492608302641,0.500891495675196
"75","2017_SW_HIGH_MONO_B3_CV","Field17",2017,"SW","HIGH","MONO","B","CV",0.5,0,"5/30/2017","SW","HL","B","CV","24.4","15","7.1","0.95",54.34,36.54,19.21,19.73,"9/25-9/30",0.5,NA,0,"HIGH_MONO","B3",18.78,12.11,21.54,29.94,19.7684210526316,1.7056338028169,1.436,1.22704918032787,2598.6,38143.060956,13.6783117663357,-0.888571732612648
"76","2017_SW_HIGH_MONO_B9_CV","Field17",2017,"SW","HIGH","MONO","B","CV",0,0,"5/30/2017","SW","HL","B","CV","19.5","14.8","5.2","0.79",54.16,39.96,16.33,18.19,"9/25-9/30",0,NA,0,"HIGH_MONO","B9",17.4,11.13,25.16,34.66,22.0253164556962,2.14038461538462,1.7,1.7774358974359,1500.72,35341.934688,22.5499857988166,0.36743931167244
"77","2017_SW_HIGH_MONO_P13_CV","Field17",2017,"SW","HIGH","MONO","P","CV",3,0,"5/30/2017","SW","HL","P","CV","20","14.15","5.6","0.84",56.49,34.56,19.81,17.64,"9/23-9/29",3,NA,0,"HIGH_MONO","P13",16.8,14.21,20.41,36.49,20,2.5375,1.44240282685512,1.8245,1584.8,38674.952064,23.40368,0.488301433206976
"78","2017_SW_HIGH_MONO_P15_CV","Field17",2017,"SW","HIGH","MONO","P","CV",0.5,0,"5/30/2017","SW","HL","P","CV","24.7","14.6","7.25","1.29",53.03,49.65,18.99,23.53,"9/23-9/29",0.5,NA,0,"HIGH_MONO","P15",22.24,11.74,35.05,28.33,17.2403100775194,1.61931034482759,2.40068493150685,1.14696356275304,2614.495,49999.521105,18.1239689136908,-0.259175921208892
"79","2017_SW_HIGH_MONO_R1_CV","Field17",2017,"SW","HIGH","MONO","R","CV",1,0,"5/30/2017","SW","HL","R","CV","20","15.8","5","0.84",48.88,38.11,22.54,22.15,"9/24-9/29",1,NA,0,"HIGH_MONO","R1",21.31,17.54,22.31,28.88,25.3690476190476,3.508,1.4120253164557,1.444,1580,41987.890672,25.5746143493671,0.795652391914419
"80","2017_SW_HIGH_MONO_R13_CV","Field17",2017,"SW","HIGH","MONO","R","CV",3,0,"5/30/2017","SW","HL","R","CV","21","17.2","6.7","0.02",45.25,35.68,28.77,17.1,"9/24-9/30",3,NA,0,"HIGH_MONO","R13",17.08,22.07,18.48,24.25,854,3.29402985074627,1.07441860465116,1.1547619047619,2420.04,46449.7404,18.1937903505727,-0.249290921429769
"81","2017_SW_HIGH_MONO_R17_CV","Field17",2017,"SW","HIGH","MONO","R","CV",1,0,"5/30/2017","SW","HL","R","CV","18.5","16.8","5.8","0.76",54.09,46.36,21.49,24.56,"9/24-9/30",1,NA,0,"HIGH_MONO","R17",23.8,15.69,29.56,35.59,31.3157894736842,2.7051724137931,1.75952380952381,1.92378378378378,1802.64,53888.590476,28.8942609040075,1.26563277222212
"82","2017_SW_HIGH_MONO_R3_CV","Field17",2017,"SW","HIGH","MONO","R","CV",2,0,"5/30/2017","SW","HL","R","CV","20.5","12.8","6","0.82",50.03,47.71,18.32,24.01,"9/24-9/30",2,NA,0,"HIGH_MONO","R3",23.19,12.32,34.91,29.53,28.2804878048781,2.05333333333333,2.72734375,1.44048780487805,1574.4,43728.581416,26.7747595376016,0.965563460067879
"83","2017_SW_HIGH_MONO_R7_CV","Field17",2017,"SW","HIGH","MONO","R","CV",3,0,"5/30/2017","SW","HL","R","CV","18.6","16.5","5.5","0.78",57.14,46.84,22.12,27.57,"9/24-9/30",3,NA,0,"HIGH_MONO","R7",26.79,16.62,30.34,38.54,34.3461538461538,3.02181818181818,1.83878787878788,2.07204301075269,1687.95,59202.799712,34.0737875600581,1.99892647308968
"84","2017_SW_HIGH_MONO_Y3_CV","Field17",2017,"SW","HIGH","MONO","Y","CV",2,0,"5/30/2017","SW","HL","Y","CV","19.6","16.9","5.85","0.98",57.68,41.28,21.29,19.93,"9/24-9/30",2,NA,0,"HIGH_MONO","Y3",18.95,15.44,24.38,38.08,19.3367346938775,2.63931623931624,1.44260355029586,1.94285714285714,1937.754,50692.137216,25.1602541994495,0.736989176527707
"85","2017_SW_HIGH_POLY_B2_CV","Field17",2017,"SW","HIGH","POLY","B","CV",1,0,"5/28/2017","SW","HH","B","CV","MISSING","MISSING","MISSING","MISSING",42.89,50.52,24.01,23.17,"9/25-9/30",1,NA,0,"HIGH_POLY","B2",NA,NA,NA,NA,NA,NA,NA,NA,NA,52024.935228,NA,NA
"86","2017_SW_HIGH_POLY_B8_CV","Field17",2017,"SW","HIGH","POLY","B","CV",0.5,0,"5/28/2017","SW","HH","B","CV","MISSING","MISSING","MISSING","MISSING",57.44,44.69,25.88,26.25,"9/25-9/30",0.5,NA,0,"HIGH_POLY","B8",NA,NA,NA,NA,NA,NA,NA,NA,NA,66433.794368,NA,NA
"87","2017_SW_HIGH_POLY_R13_CV","Field17",2017,"SW","HIGH","POLY","R","CV",0,0,"5/28/2017","SW","HH","R","CV","MISSING","MISSING","MISSING","MISSING",65.59,52.07,19.7,33.48,"9/25-9/30",0,NA,5,"HIGH_POLY","R13",NA,NA,NA,NA,NA,NA,NA,NA,NA,67280.84461,NA,NA
"88","2017_SW_HIGH_POLY_R2_CV","Field17",2017,"SW","HIGH","POLY","R","CV",0,0,"5/28/2017","SW","HH","R","CV","MISSING","MISSING","MISSING","MISSING",61.19,43.06,22.3,33.53,"9/25-9/30",0,NA,5,"HIGH_POLY","R2",NA,NA,NA,NA,NA,NA,NA,NA,NA,58756.96322,NA,NA
"89","2017_SW_HIGH_POLY_R4_CV","Field17",2017,"SW","HIGH","POLY","R","CV",2,0,"5/28/2017","SW","HH","R","CV","MISSING","MISSING","MISSING","MISSING",60.58,44.97,22.08,27.14,"9/25-9/30",2,NA,5,"HIGH_POLY","R4",NA,NA,NA,NA,NA,NA,NA,NA,NA,60152.159808,NA,NA
"90","2017_SW_HIGH_POLY_Y1_CV","Field17",2017,"SW","HIGH","POLY","Y","CV",1,0,"5/28/2017","SW","HH","Y","CV","MISSING","MISSING","MISSING","MISSING",56.89,49.83,20.77,28.45,"9/24-9/30",1,NA,3,"HIGH_POLY","Y1",NA,NA,NA,NA,NA,NA,NA,NA,NA,58879.392099,NA,NA
"91","2017_SW_HIGH_POLY_Y13_CV","Field17",2017,"SW","HIGH","POLY","Y","CV",2,0,"5/28/2017","SW","HH","Y","CV","MISSING","MISSING","MISSING","MISSING",46.13,31.67,18.99,13.24,"9/24-9/30",2,NA,3,"HIGH_POLY","Y13",NA,NA,NA,NA,NA,NA,NA,NA,NA,27743.195529,NA,NA
"92","2017_SW_HIGH_POLY_Y14_CV","Field17",2017,"SW","HIGH","POLY","Y","CV",2,0,"5/28/2017","SW","HH","Y","CV","MISSING","MISSING","MISSING","MISSING",52.36,43.03,26.09,22.49,"9/24-9/30",2,NA,3,"HIGH_POLY","Y14",NA,NA,NA,NA,NA,NA,NA,NA,NA,58782.095372,NA,NA
"93","2017_SW_LOW_MONO_B1_CV","Field17",2017,"SW","LOW","MONO","B","CV",0,0,"5/30/2017","SW","LL","B","CV","22","15.6","7.3","1.37",61.91,47.13,23.52,33.33,"9/25-9/30",0,NA,0,"LOW_MONO","B1",31.96,16.22,31.53,39.91,23.3284671532847,2.22191780821918,2.02115384615385,1.81409090909091,2505.36,68627.086416,26.3921058913689,0.911389106496659
"94","2017_SW_LOW_MONO_B10_CV","Field17",2017,"SW","LOW","MONO","B","CV",3,0,"5/30/2017","SW","LL","B","CV","21.6","18.3","7.6","1.39",51.37,39.35,19,16.89,"9/25-9/30",3,NA,0,"LOW_MONO","B10",15.5,11.4,21.05,29.77,11.1510791366906,1.5,1.15027322404372,1.37824074074074,3004.128,38406.7805,11.7846684628618,-1.15666509294034
"95","2017_SW_LOW_MONO_B4_CV","Field17",2017,"SW","LOW","MONO","B","CV",0,0,"5/30/2017","SW","LL","B","CV","18.9","18","4.5","0.61",43.4,29.32,19.46,14.12,"9/25-9/30",0,NA,0,"LOW_MONO","B4",13.51,14.96,11.32,24.5,22.1475409836066,3.32444444444444,0.628888888888889,1.2962962962963,1530.9,24762.61648,15.1752018289895,-0.676648881988253
"96","2017_SW_LOW_MONO_P1_CV","Field17",2017,"SW","LOW","MONO","P","CV",1,0,"5/30/2017","SW","LL","P","CV","20.1","16.5","6.5","0.83",47.32,43.65,17.46,20.3,"9/24-9/30",1,NA,0,"LOW_MONO","P1",19.47,10.96,27.15,27.22,23.4578313253012,1.68615384615385,1.64545454545455,1.35422885572139,2155.725,36063.94428,15.7293807327001,-0.598190766752963
"97","2017_SW_LOW_MONO_P11_CV","Field17",2017,"SW","LOW","MONO","P","CV",1,0,"5/30/2017","SW","LL","P","CV","19.2","16.7","5.1","0.85",49.49,43.3,20.29,24.79,"9/24-9/29",1,NA,0,"LOW_MONO","P11",23.94,15.19,26.6,30.29,28.1647058823529,2.97843137254902,1.59281437125748,1.57760416666667,1635.264,43479.78593,25.5888479964091,0.797667526580071
"98","2017_SW_LOW_MONO_P4_CV","Field17",2017,"SW","LOW","MONO","P","CV",0,0,"5/30/2017","SW","LL","P","CV","20.4","15.6","5.8","0.83",49.38,49.91,19.13,22.81,"9/24-9/30",0,NA,0,"LOW_MONO","P4",21.98,13.33,34.31,28.98,26.4819277108434,2.29827586206897,2.19935897435897,1.42058823529412,1845.792,47146.952454,24.5429389952931,0.649592512562505
"99","2017_SW_LOW_MONO_P7_CV","Field17",2017,"SW","LOW","MONO","P","CV",1,0,"5/30/2017","SW","LL","P","CV","19.7","17.8","6.1","0.93",47.16,47.91,16.97,16.98,"9/24-9/30",1,NA,0,"LOW_MONO","P7",16.05,10.87,30.11,27.46,17.258064516129,1.78196721311475,1.69157303370786,1.39390862944162,2139.026,38342.622132,16.925271657287,-0.428881997794349
"100","2017_SW_LOW_MONO_R11_CV","Field17",2017,"SW","LOW","MONO","R","CV",0,1,"5/30/2017","SW","LL","R","CV","20.3","17.9","5.9","1.06",54.96,36.1,20.22,25.98,"9/23-9/29",0,1,0,"LOW_MONO","R11",24.92,14.32,18.2,34.66,23.5094339622642,2.4271186440678,1.01675977653631,1.70738916256158,2143.883,40117.61232,17.7125940734639,-0.317416490099757
"101","2017_SW_LOW_MONO_R4_CV","Field17",2017,"SW","LOW","MONO","R","CV",0.5,0,"5/30/2017","SW","LL","R","CV","17.6","17.9","6.8","0.91",54.56,42.59,18.24,24.1,"9/23-9/29",0.5,NA,0,"LOW_MONO","R4",23.19,11.44,24.69,36.96,25.4835164835165,1.68235294117647,1.37932960893855,2.1,2142.272,42384.477696,18.7848255011502,-0.165614867286193
"102","2017_SW_LOW_MONO_Y10_CV","Field17",2017,"SW","LOW","MONO","Y","CV",2,0,"5/30/2017","SW","LL","Y","CV","18.6","16.4","6.2","0.84",53.8,42.3,21.21,23.67,"9/25-9/30",2,NA,0,"LOW_MONO","Y10",22.83,15.01,25.9,35.2,27.1785714285714,2.42096774193548,1.57926829268293,1.89247311827957,1891.248,48268.4454,24.5220073729093,0.64662910917408
"103","2017_SW_LOW_MONO_Y13_CV","Field17",2017,"SW","LOW","MONO","Y","CV",2,0,"5/30/2017","SW","LL","Y","CV","18.7","19.8","8.1","0.92",45.14,57,25.67,29.74,"9/25-9/30",2,NA,0,"LOW_MONO","Y13",28.82,17.57,37.2,26.44,31.3260869565217,2.16913580246914,1.87878787878788,1.41390374331551,2999.106,66048.3966,21.022694963099,0.151212458603508
"104","2017_SW_LOW_MONO_Y18_CV","Field17",2017,"SW","LOW","MONO","Y","CV",2,0,"5/30/2017","SW","LL","Y","CV","19.6","17.7","7.2","0.92",62.55,48.41,27.17,38.54,"9/25-9/30",2,NA,0,"LOW_MONO","Y18",37.62,19.97,30.71,42.95,40.8913043478261,2.77361111111111,1.73502824858757,2.19132653061224,2497.824,82271.996235,31.9374672655079,1.69647601399238
"105","2017_SW_LOW_MONO_Y6_CV","Field17",2017,"SW","LOW","MONO","Y","CV",0,0,"5/30/2017","SW","LL","Y","CV","21.4","18.4","6.6","0.98",71.81,46.28,24.33,43.92,"9/25-9/30",0,NA,0,"LOW_MONO","Y6",42.94,17.73,27.88,50.41,43.8163265306123,2.68636363636364,1.51521739130435,2.35560747663551,2598.816,80857.514244,30.1132124182705,1.43820635402382
"106","2017_SW_LOW_POLY_B2_CV","Field17",2017,"SW","LOW","POLY","B","CV",0,0,"5/30/2017","SW","LH","B","CV","19.9","16.9","6.5","1.14",61.12,46.27,21.45,27.3,"9/24-9/30",0,NA,1,"LOW_POLY","B2",26.16,14.95,29.37,41.22,22.9473684210526,2.3,1.73786982248521,2.0713567839196,2186.015,60661.08048,26.7496176741697,0.962003990002955
"107","2017_SW_LOW_POLY_P10_CV","Field17",2017,"SW","LOW","POLY","P","CV",2,0,"5/30/2017","SW","LH","P","CV","20","19","5.2","0.88",48.86,48.92,20.68,21.37,"9/24-9/30",2,NA,3,"LOW_POLY","P10",20.49,15.48,29.92,28.86,23.2840909090909,2.97692307692308,1.57473684210526,1.443,1976,49429.981216,24.0151726801619,0.574873770848202
"108","2017_SW_LOW_POLY_P5_CV","Field17",2017,"SW","LOW","POLY","P","CV",2,1,"5/30/2017","SW","LH","P","CV","23.2","18.6","7","1.42",47.15,41.54,20.56,16.48,"9/24-9/30",2,1,3,"LOW_POLY","P5",15.06,13.56,22.94,23.95,10.6056338028169,1.93714285714286,1.23333333333333,1.0323275862069,3020.64,40269.04216,12.3312947454844,-1.07927624326475
"109","2017_SW_LOW_POLY_R18_CV","Field17",2017,"SW","LOW","POLY","R","CV",0,0,"5/30/2017","SW","LH","R","CV","21.3","15.7","5","0.85",51.05,55.19,18.18,26.77,"9/24-9/30",0,NA,1,"LOW_POLY","R18",25.92,13.18,39.49,29.75,30.4941176470588,2.636,2.51528662420382,1.39671361502347,1672.05,51221.23191,29.6337919978469,1.37033220302331
"110","2017_SW_LOW_POLY_R7_CV","Field17",2017,"SW","LOW","POLY","R","CV",0,0,"5/30/2017","SW","LH","R","CV","18.4","16","5.4","0.73",48.69,53.26,21.85,26.48,"9/24-9/30",0,NA,1,"LOW_POLY","R7",25.75,16.45,37.26,30.29,35.2739726027397,3.0462962962963,2.32875,1.64619565217391,1589.76,56662.06239,34.6418971354167,2.07935682911967
"111","2017_SW_LOW_POLY_Y1_CV","Field17",2017,"SW","LOW","POLY","Y","CV",0.5,0,"5/30/2017","SW","LH","Y","CV","23.1","15.4","8","0.93",53.52,41.69,18.52,20.59,"9/25-9/30",0.5,NA,0,"LOW_POLY","Y1",19.66,10.52,26.29,30.42,21.1397849462366,1.315,1.70714285714286,1.31688311688312,2845.92,41322.727776,13.5199892393321,-0.910986312064914
"112","2017_SW_LOW_POLY_Y13_CV","Field17",2017,"SW","LOW","POLY","Y","CV",4,0,"5/30/2017","SW","LH","Y","CV","22.4","16.2","6.8","1.05",59.98,46.51,21.94,27.94,"9/25-9/30",4,NA,0,"LOW_POLY","Y13",26.89,15.14,30.31,37.58,25.6095238095238,2.22647058823529,1.87098765432099,1.67767857142857,2467.584,61205.355412,23.8037576074411,0.544942591535992
